<Anims>
 <anim name="idle" root="emerdiploma" numframes="100" framerate="40">
  <frame idx="0" w="231" h="233" x="95.494530" y="-38.904312">
   <element name="emerdiploma" layername="emerdiploma" frame="0" z_index="1" m_a="0.322293" m_b="-0.564471" m_c="0.564471" m_d="0.322293" m_tx="0.994532" m_ty="0.939760"/>
  </frame>
  <frame idx="25" w="231" h="233" x="95.494530" y="-38.904312">
   <element name="emerdiploma" layername="emerdiploma" frame="0" z_index="1" m_a="0.322293" m_b="-0.564471" m_c="0.564471" m_d="0.322293" m_tx="0.994532" m_ty="0.939760"/>
  </frame>
  <frame idx="50" w="231" h="233" x="95.494530" y="-38.904312">
   <element name="emerdiploma" layername="emerdiploma" frame="0" z_index="1" m_a="0.322293" m_b="-0.564471" m_c="0.564471" m_d="0.322293" m_tx="0.994532" m_ty="0.939760"/>
  </frame>
  <frame idx="75" w="231" h="233" x="95.494530" y="-38.904312">
   <element name="emerdiploma" layername="emerdiploma" frame="0" z_index="1" m_a="0.322293" m_b="-0.564471" m_c="0.564471" m_d="0.322293" m_tx="0.994532" m_ty="0.939760"/>
  </frame>
 </anim>
</Anims>
