<Anims>
 <anim name="idle" root="emerdiploma" numframes="100" framerate="40">
  <frame idx="0" w="197" h="224" x="1.000000" y="-23.000000">
   <element name="emerdiploma" layername="emerdiploma" frame="0" z_index="1" m_a="0.600000" m_b="0.000000" m_c="0.000000" m_d="0.600000" m_tx="-89.000000" m_ty="-113.000000"/>
  </frame>
  <frame idx="25" w="197" h="224" x="1.000000" y="-23.000000">
   <element name="emerdiploma" layername="emerdiploma" frame="0" z_index="1" m_a="0.600000" m_b="0.000000" m_c="0.000000" m_d="0.600000" m_tx="-89.000000" m_ty="-113.000000"/>
  </frame>
  <frame idx="50" w="197" h="224" x="1.000000" y="-23.000000">
   <element name="emerdiploma" layername="emerdiploma" frame="0" z_index="1" m_a="0.600000" m_b="0.000000" m_c="0.000000" m_d="0.600000" m_tx="-89.000000" m_ty="-113.000000"/>
  </frame>
  <frame idx="75" w="197" h="224" x="1.000000" y="-23.000000">
   <element name="emerdiploma" layername="emerdiploma" frame="0" z_index="1" m_a="0.600000" m_b="0.000000" m_c="0.000000" m_d="0.600000" m_tx="-89.000000" m_ty="-113.000000"/>
  </frame>
 </anim>
</Anims>
